image_id,prediction_string
000000001205,3 462.028 211.774 60 137.568 263.747 70 570.066 103.396 101 206.225 201.927 166 454.500 107.000 204 258.294 283.248 210 196.000 77.000
000000003076,27 339.372 100.490 68 394.840 293.404 73 589.500 50.500 209 461.111 186.944 211 128.041 61.359 242 240.947 188.424 242 537.402 146.708
000000003197,8 53.354 318.498 16 461.635 188.103 38 353.830 133.330 127 343.469 321.906 179 588.269 77.868 190 144.519 109.720 233 460.853 289.532
000000003517,17 299.427 240.191 51 444.644 99.961 54 135.880 229.157 55 573.391 45.034 139 80.131 82.697 218 352.000 232.500
000000005356,51 377.220 95.659 130 255.395 164.460 163 205.459 58.877 171 52.000 57.000 183 91.844 38.451 187 77.572 310.343
000000006531,176 478.501 256.299 222 247.940 252.395
000000006943,14 315.294 295.500 199 539.042 239.206 200 355.413 209.728
000000007357,1 561.284 85.670 33 206.836 128.378 62 376.721 129.498 94 394.403 264.409 207 520.616 284.179 219 89.771 249.498
000000008418,8 579.859 224.292 65 33.930 314.144 73 306.561 234.061
000000009846,45 336.523 302.549 47 68.500 106.500 133 450.000 152.000 218 116.726 119.479 243 335.049 71.916
000000010698,24 425.604 43.982 96 212.604 53.851 101 189.959 145.319 131 515.946 251.614 215 511.207 82.481
000000011241,49 303.797 221.856 79 345.942 39.979 234 604.602 258.791
000000012544,159 354.979 226.610 233 399.050 129.517
000000012803,4 252.724 221.799 6 503.527 104.561 20 14.045 143.302 82 424.804 115.009 187 372.320 258.280 203 160.901 302.005
000000016697,1 607.076 91.942 14 400.544 55.448 144 139.835 106.102 188 587.712 195.772
000000016857,146 432.450 95.639
000000017055,25 297.500 46.000 51 573.959 103.515 61 19.773 161.487 91 466.631 134.740 148 411.726 169.581 203 527.500 129.500 222 94.238 320.596 240 145.552 339.856
000000017482,70 321.897 197.577 75 504.219 285.284 129 507.416 46.007 183 363.500 50.000
000000018460,163 65.500 285.000 204 606.244 91.373 236 445.673 251.283
000000021496,60 290.868 148.828 84 371.913 124.255 146 370.929 88.994 166 459.487 70.152 211 452.500 302.000 230 342.000 206.000
000000022236,64 347.448 245.581 65 209.382 203.092 166 64.065 112.643
000000027897,214 328.369 126.189 214 529.500 44.500 234 455.823 248.598
000000028184,28 556.857 147.378 32 410.634 156.740 45 95.697 217.225 82 491.493 244.133 82 622.128 225.238 99 263.959 282.355
000000028293,37 250.500 50.000 42 81.377 226.662 120 528.838 39.839 122 71.543 123.499 165 567.433 254.701 171 518.667 158.333 183 349.480 84.644
000000031121,39 216.704 211.751 41 370.500 335.500 69 572.624 102.740 181 587.434 268.347 201 301.175 79.884
000000031258,87 101.098 178.998 88 572.783 94.837 159 193.692 99.736 210 427.490 143.328
000000031566,52 497.061 295.779 195 280.109 281.515 225 206.214 125.638
000000032242,38 302.835 153.641 89 485.978 285.654 184 129.642 144.073 194 554.000 89.066 214 466.526 79.130 232 280.500 66.000 242 583.430 89.437
000000032609,0 114.779 177.497 89 347.451 293.726 93 43.497 265.514 135 409.741 75.656 164 276.000 82.667 207 311.950 175.451
000000033167,20 567.400 145.196 22 314.357 335.776 63 143.000 124.000 78 472.000 258.000 114 175.000 81.000 134 76.000 207.000 244 524.815 226.838
000000033943,28 554.849 177.297 55 88.293 165.616 66 538.000 319.000 68 66.021 125.474
000000034074,4 101.500 307.500 13 126.000 72.500 32 207.657 249.309 37 530.570 166.976 58 462.160 269.945 105 436.600 90.473 124 50.500 223.500 178 76.562 139.121 227 138.224 256.490
000000035033,6 29.505 177.705 27 191.099 191.973 102 198.000 261.000 159 432.829 154.842 191 404.000 78.000 193 102.733 74.776 199 603.719 194.656 241 166.246 195.285
000000036292,16 571.089 59.504 41 235.216 143.538 49 318.268 196.752 78 42.285 101.362 120 124.498 319.937 208 400.671 143.318 239 162.000 24.000
000000039663,1 179.809 236.068 2 424.593 218.295 60 202.831 98.551 91 292.611 180.005 141 136.544 302.816 174 189.194 273.528
000000040341,114 607.635 58.834 214 156.803 132.948
000000040988,43 147.000 53.000 149 119.760 248.630 173 110.590 145.603 181 419.171 262.681 211 269.000 132.000
000000041458,15 620.092 249.011 43 276.000 274.000 113 363.557 197.895 118 596.589 186.718 124 178.097 232.595 137 362.500 291.000 206 70.141 329.132
000000042641,25 113.632 120.427 124 374.575 32.409 173 581.410 232.160 213 232.663 213.396 221 186.000 217.000 222 453.472 276.790
000000043500,96 418.337 232.330 115 292.141 209.448
000000047974,152 220.640 26.009 180 427.690 188.909 195 231.433 305.807 234 103.502 72.992
000000048365,30 517.721 90.580 124 501.277 172.804 150 100.235 161.720 218 270.356 264.264 219 365.227 252.594 225 407.437 109.449
000000050637,28 66.277 225.817 176 85.002 43.720 187 207.249 46.577 243 568.525 145.676
000000050945,51 114.500 34.500 53 262.240 252.507 55 202.826 214.995 167 363.686 194.448 172 15.510 52.399 184 340.000 59.000 246 504.645 238.392
000000051443,42 432.601 84.621 100 136.620 239.902 139 407.574 189.705 153 347.959 121.003 166 553.766 267.210 173 278.000 31.000 205 540.375 117.659
000000051500,18 146.075 114.168 50 61.000 93.000 59 568.500 24.500 71 580.400 234.328
000000052107,30 119.422 118.352 38 559.603 235.377 51 202.352 241.446 64 576.830 89.856 74 105.624 279.625 97 60.500 89.500 176 439.772 21.997
000000052388,45 168.000 195.000 80 529.305 298.264 84 206.065 290.189 216 461.181 218.298
000000054437,37 548.000 218.000 60 313.889 251.804 76 520.424 58.784 119 46.876 32.334 143 511.551 272.392 196 40.562 170.450
000000055808,21 584.537 135.138 43 207.683 79.056 110 138.379 193.676 144 44.176 202.581
000000057744,125 570.697 272.579 138 60.013 155.959 191 463.573 256.755
000000058632,48 504.570 95.195 91 100.833 288.367 129 65.953 47.622 208 287.249 133.193
000000061674,98 99.796 259.990 139 562.000 114.500 173 289.821 247.238 245 277.822 288.926
000000062426,41 184.143 320.285 245 487.599 191.315
000000063726,37 548.341 53.598 87 325.678 90.669 96 510.934 104.930 106 225.860 93.647 197 291.641 191.964 208 542.000 311.000
000000065292,15 433.246 45.305 47 301.982 185.924 119 355.384 216.110 140 275.738 288.384 155 481.131 168.087 158 251.635 103.773
000000066652,37 307.500 227.000 110 95.170 275.826 117 234.841 323.115 117 304.552 134.705
000000067162,8 272.798 25.233 102 194.367 153.960 123 582.033 273.218 142 103.455 149.319 147 282.396 139.083 214 614.000 112.667 222 554.500 69.500
000000068601,11 535.280 307.637 15 474.085 175.193 37 119.186 149.640 40 514.347 115.755 170 291.278 149.335 185 344.205 296.184 202 287.472 324.986
000000068857,33 387.118 49.657 43 465.432 54.450 49 128.087 142.673 70 609.991 73.942 82 548.067 260.821 87 342.896 65.602 154 455.408 229.137 238 497.771 136.793
000000069698,4 68.237 178.921 90 256.000 271.000 108 301.745 298.728 119 128.770 219.555 143 220.064 219.361 221 462.026 314.200
000000069914,53 68.134 290.982 96 500.946 101.660 158 85.930 214.405 170 370.500 322.000 200 440.638 230.658
000000071855,41 99.126 138.200 117 317.080 291.604 189 482.589 219.357 225 187.700 198.460
000000073293,22 102.045 175.064 46 113.333 339.333 73 55.000 242.500
000000074407,3 499.182 173.556 166 229.491 179.916 181 604.449 38.236 215 397.000 52.000 227 393.134 167.514 236 490.916 51.098
000000075327,14 468.186 195.759 76 522.726 239.160 159 492.291 26.132 200 347.744 303.510 212 342.958 157.437
000000076026,35 278.367 285.141 52 258.369 106.938 59 358.877 26.224 70 568.760 104.385 96 254.529 325.995 103 51.492 65.743 128 170.136 180.986 131 381.473 220.490
000000079968,108 297.500 70.500 137 495.803 55.846 146 99.480 207.598 150 482.515 229.636 167 188.720 105.546 202 553.354 33.655 227 545.477 298.214
000000081299,80 597.508 178.526 208 316.331 182.353 240 426.700 73.693
000000081363,41 170.288 303.373 65 313.353 75.612 67 115.521 98.511 93 606.628 291.329 110 87.981 182.468
000000084113,145 188.677 195.480 245 237.500 59.500
000000084276,40 222.120 113.246 49 48.485 165.862 157 313.983 198.029 237 558.546 156.386
000000085944,3 590.820 231.931 19 506.593 259.966 90 110.861 188.700 115 566.267 174.921 122 27.519 166.282 133 357.426 67.819 156 563.559 93.538 175 414.944 177.294 200 479.317 87.096
000000086668,36 588.553 225.506 131 81.185 44.446 135 126.306 81.347 206 322.280 108.617
000000088567,56 93.456 119.879 81 564.750 110.580 102 123.754 284.499 203 296.100 37.819 222 590.481 288.447
000000089012,116 432.000 307.500 166 62.445 270.571 205 562.458 146.867 245 234.734 205.726
000000089848,53 369.906 98.026 64 135.536 21.877 161 583.669 121.491 167 323.500 210.220 191 547.008 214.681
000000090678,21 100.000 279.000 84 453.836 103.463 142 142.472 196.329 146 135.473 68.663 155 138.000 112.000 205 547.389 130.157
000000090820,41 477.048 85.956 64 273.378 199.949 76 480.731 56.511 78 597.956 127.324 136 583.553 28.761 138 613.165 241.052 178 465.176 238.365
000000090839,27 451.095 258.015 38 35.633 223.628 68 353.558 274.299 188 64.905 279.864
000000091279,64 288.422 91.423 103 57.401 91.061
000000091954,30 114.053 151.470 138 519.908 53.243
000000093000,20 158.832 269.703 40 32.500 248.000 47 53.504 74.663 60 574.154 315.626 124 541.334 216.900 138 245.151 53.058 218 613.504 204.608 234 146.500 76.500
000000094723,170 426.500 64.500 244 568.732 68.619
000000095880,203 256.545 234.516
000000096488,9 592.500 78.500 77 396.000 327.000 99 159.876 329.422 100 432.433 80.006 100 529.918 124.458 117 127.539 92.488 148 342.500 91.000
000000096809,24 284.102 332.706 145 254.424 95.337 157 86.746 68.253
000000097146,28 621.219 99.483 30 456.000 148.000 55 393.955 31.018 56 584.444 203.881 70 427.281 250.509 131 99.167 302.478 241 208.564 273.839
000000097200,0 361.871 38.655 17 50.035 264.482 38 207.665 283.739 59 191.988 43.398 62 559.451 224.801 209 346.908 231.479 209 146.431 295.044 218 229.611 165.562 237 60.666 170.132
000000097371,18 184.966 301.073 21 101.331 225.547 26 577.447 64.519 39 111.000 155.500 70 324.237 117.461 125 114.924 63.571 195 578.903 332.542
000000097662,8 113.296 326.236 129 428.360 291.508 144 540.723 143.823 163 563.672 289.020 193 584.000 199.000 231 253.371 271.710
000000097778,97 459.335 246.939 207 342.696 203.253 231 435.270 296.325
000000100142,57 307.744 63.955 87 42.329 150.324 114 36.335 256.496 137 423.500 145.500 212 177.948 146.437
000000100523,109 385.839 256.260 156 69.667 227.333 178 449.688 225.068 213 70.511 127.058
000000101223,21 39.034 176.950 216 413.227 77.574 220 533.045 75.056
000000101357,32 266.855 161.544 64 596.022 167.072 136 176.626 82.885 169 110.166 92.427 173 483.000 258.000
000000103931,50 186.591 209.373 55 377.612 156.720 85 396.102 87.427 97 215.634 150.267 98 545.500 244.000 106 174.260 58.789 118 98.621 67.007
000000105480,23 333.508 266.363 30 292.160 335.682 65 118.037 83.570 121 53.876 244.395 148 376.000 145.000 172 407.500 59.000
000000105511,29 512.657 204.591 31 598.525 150.066 50 624.925 188.030 137 33.117 242.340
000000106615,18 419.560 321.570 77 512.606 99.427 95 234.248 299.048 126 540.971 263.038 145 108.874 134.152 210 352.125 137.315 241 70.835 319.688
000000106664,50 264.776 59.408 119 185.507 45.226 174 241.245 178.900 203 261.080 256.833 215 573.418 231.492
000000107593,16 383.586 111.943 45 535.486 88.672 167 441.000 208.000 205 543.000 203.000 235 201.960 60.678 244 161.467 224.236
000000107884,80 118.615 156.455 90 520.977 114.911 116 607.000 241.000 158 281.747 245.690 196 139.847 280.369 204 302.500 321.500
000000109532,33 288.689 74.444 50 385.892 43.625 81 68.766 261.965 182 357.000 263.000 209 556.000 52.000
000000110046,101 311.389 64.479 151 484.033 103.806 159 587.876 30.906 159 60.500 95.000 175 476.350 185.582 210 226.302 145.034
000000113513,183 533.500 111.000 188 260.293 76.465 234 567.460 187.185
000000113606,4 345.296 58.992 41 312.640 345.748 115 606.571 181.462 175 343.016 132.992 176 470.000 318.000 183 155.000 274.000 197 62.022 324.784 225 227.208 176.481
000000113839,169 602.000 306.000 246 402.329 312.372
000000114240,78 294.330 187.126 116 53.500 178.500 168 73.729 277.730 175 11.500 72.500
000000114288,20 305.033 155.615 63 47.000 189.000 104 514.615 104.047 148 218.428 214.046 160 374.497 110.560 232 449.088 128.235
000000115260,52 143.865 131.706 156 429.526 135.040 240 304.500 353.500
000000115776,37 206.406 325.392 47 273.223 251.538 84 212.253 20.871 93 501.014 176.650 126 505.658 224.049
000000120162,0 45.164 156.021 43 197.659 269.499 110 440.500 50.500 159 154.015 113.312 182 284.000 46.500
000000120333,151 115.500 105.453 166 508.256 234.609 238 476.464 92.567
000000120846,19 132.000 222.000 24 211.848 172.397 77 629.500 40.500 102 318.500 52.500 126 507.280 256.933
000000121356,6 69.599 89.044 93 479.050 156.816 134 462.100 82.472 175 18.000 115.000 183 317.929 326.393 189 189.084 221.984
000000121557,6 244.359 68.135 32 364.000 336.000 89 468.518 329.993
000000122782,19 335.536 241.161 37 468.694 196.419 110 269.575 251.948 192 387.667 56.667
000000123944,13 436.568 182.391 111 300.408 184.967 130 583.106 229.803 171 248.286 104.215 248 525.000 48.000
000000126210,59 526.000 54.000 136 497.416 81.192 167 578.674 92.263 174 514.000 173.000
000000127810,5 146.365 193.757 54 258.451 236.351 63 450.234 253.596 80 303.034 103.982 188 135.991 50.006 208 47.551 110.654 215 59.500 191.500 219 305.648 344.237
000000128515,69 611.873 266.775 88 385.500 205.000 138 586.000 123.000 169 548.000 250.500 173 370.571 272.339 210 231.000 267.500
000000128903,30 96.143 42.507 51 203.557 217.749 101 257.382 156.411 130 70.032 214.281 226 262.000 286.000
000000130069,44 297.200 27.636 125 229.680 217.648 174 339.911 291.561 242 508.500 72.500
000000131763,47 420.294 112.898 65 183.744 305.425 65 361.559 296.733 100 149.500 19.500 111 479.260 255.428 145 584.758 137.465
000000133672,96 47.678 285.477 125 345.000 115.400 197 329.561 263.567
000000134344,38 535.471 173.013 127 141.949 166.628 217 156.285 219.376 232 44.564 121.602
000000134562,23 473.500 336.500 129 92.729 228.965 155 121.000 268.000 158 386.750 44.502 175 76.556 320.325 224 470.380 166.237
000000135361,74 476.896 141.238 100 509.748 82.780 106 562.621 94.642 117 512.753 202.810 126 56.500 274.500 186 485.644 304.728
000000135822,39 92.424 181.353 43 111.000 271.500 49 592.000 132.500 65 467.557 90.557 152 293.000 101.000 211 446.000 290.000 228 55.546 256.350
000000136078,19 607.129 248.205 53 102.000 93.000 190 277.054 276.791 200 87.200 245.271 216 98.365 31.934 245 584.931 101.172
000000136849,0 358.015 214.029 7 220.540 77.647 38 329.438 297.013 77 240.649 344.185 78 461.486 121.067 167 39.072 249.253 173 276.500 188.500
000000138079,39 471.806 77.218 56 240.048 26.623 57 606.000 308.000 214 322.339 252.309
000000139512,0 416.143 301.607 31 27.846 81.365 78 588.626 275.727 113 58.499 253.245 123 495.174 321.139 123 301.475 296.398 132 43.693 131.328 165 254.166 277.837 242 206.438 144.771
000000139904,36 204.951 158.493 219 79.000 316.000 233 261.000 185.000 237 325.320 294.687 247 110.141 174.661
000000140843,80 177.255 269.440 142 68.272 321.583 146 401.165 78.743 151 65.000 131.000 155 34.362 243.064 180 290.426 170.590 216 491.406 184.161
000000142646,14 358.000 91.000 22 316.122 225.482 72 81.436 178.044 99 144.929 169.461 120 427.502 298.689
000000143792,34 38.500 286.000 40 88.245 49.213 77 551.240 251.644 98 379.505 52.379 188 506.705 157.671 218 481.233 76.711 225 404.629 164.517
000000143921,38 620.500 136.500 75 92.000 164.000 80 508.038 318.793 156 358.831 273.520 204 316.000 62.000 214 257.019 243.643 221 603.717 79.571
000000143946,25 411.407 244.129 72 358.779 192.919 99 437.679 65.913 140 133.967 101.787 184 25.526 61.618 245 328.730 55.853
000000144391,1 83.000 150.000 12 545.000 193.000 71 199.500 53.500 129 567.381 158.860 159 304.439 309.085
000000144694,36 145.000 145.000 42 282.318 55.825 115 118.256 233.357 135 470.575 76.021 136 109.500 66.500 249 231.893 240.351
000000147179,222 358.347 74.509
000000147278,51 281.009 69.549 112 437.000 314.500
000000148956,12 578.011 222.064 13 325.296 82.160 16 293.579 69.430 19 329.372 247.749 107 424.000 256.000 182 205.894 137.524 221 561.500 317.500 224 94.877 216.472
000000150562,73 320.043 179.758 75 96.115 205.292 87 178.414 38.021 141 300.947 280.655 155 275.320 202.470
000000150999,100 93.000 249.500 189 604.961 77.792
000000151077,30 511.265 102.531 37 105.000 147.500 222 37.461 45.072
000000152333,62 618.258 127.365 112 559.473 239.008 142 157.384 272.532 146 237.061 48.434 245 86.476 189.788
000000153834,13 73.000 321.500 82 140.338 68.274 229 562.500 148.000
000000154053,60 111.667 192.000 95 538.124 304.437 96 454.500 284.000 122 499.602 26.417 123 171.440 284.468 244 116.500 155.000
000000154868,4 108.872 211.568 137 183.354 79.773
000000157450,21 131.451 158.814 38 320.078 284.891 118 352.000 335.000 231 33.000 260.000
000000157771,38 394.500 308.500 105 84.500 252.500 116 397.000 31.000 141 557.016 231.365 172 530.660 127.734
000000159900,15 113.396 225.721 46 541.545 103.604 80 87.895 29.320 182 580.622 209.232 216 192.000 249.000 244 169.729 129.621
000000160317,84 83.507 150.903 139 525.494 143.689 168 520.867 23.995
000000161033,18 301.691 337.123 102 567.211 98.699 117 192.209 187.500 131 536.019 52.913 181 135.805 149.883 193 620.350 320.254 200 622.172 224.115 211 505.534 111.570
000000161733,28 586.984 226.514 43 314.516 158.912 66 285.632 270.218 110 551.089 280.431 181 74.094 322.160 210 350.630 320.851 235 506.491 86.624
000000162573,13 125.500 132.000 36 369.371 70.318 89 113.521 244.158
000000164920,53 95.450 278.773 181 45.119 99.792
000000166979,104 420.515 71.539 209 385.788 295.801 221 270.570 118.184
000000173574,31 17.500 288.000 44 502.328 228.253 102 155.667 55.333 109 352.224 215.171 128 197.771 108.963
000000177109,16 447.830 55.959 45 364.546 232.083 47 91.324 77.983 62 182.519 207.903 74 247.046 99.088 234 43.762 257.444 240 271.333 309.000
000000178208,17 588.817 52.414 80 62.730 116.696 96 331.658 169.979 177 418.715 89.433
000000179480,77 93.596 275.160 124 274.498 274.685 133 95.000 169.000
000000180123,42 603.790 184.670 51 194.500 53.000 90 143.605 125.340 141 90.555 102.865 191 423.603 235.117
000000181474,9 496.075 313.970 31 168.354 187.436 130 455.374 157.162
000000183154,21 490.938 93.396 112 240.000 282.000 119 245.518 141.168 120 445.231 93.277 208 531.500 25.000 223 119.258 184.283
000000183611,10 74.988 119.687 85 205.876 206.189
000000183701,75 345.537 72.004 122 572.333 244.431 123 478.758 194.716 145 545.082 294.332 215 115.465 44.717 249 584.986 153.592
000000184700,118 258.445 140.941 148 593.151 18.291 233 366.586 175.220
000000188873,66 490.544 277.300 98 338.339 269.754 212 163.480 282.185 223 252.755 306.096 238 339.093 63.178 240 28.168 79.348
000000191264,1 329.524 148.526 10 221.000 314.500 21 347.422 274.452 35 524.930 235.607 62 554.000 292.500 176 56.619 119.207 213 474.030 280.090 243 606.000 166.000
000000191327,38 114.460 96.767 41 242.539 332.809 50 393.719 168.469
000000192128,53 523.786 50.501 76 73.500 53.500 127 349.443 342.070 140 259.000 234.000
000000193875,3 47.500 54.000 131 559.617 339.476 159 159.159 244.508 177 381.293 103.799 184 545.429 80.837
000000194012,98 349.221 95.533 120 55.865 295.517 184 421.000 96.000
000000194744,32 264.636 89.400 101 413.625 114.760 173 188.937 244.039 203 573.401 109.808 227 55.603 224.382
000000198463,115 22.000 136.000 117 302.500 188.500 123 399.496 199.511 179 380.615 152.520 194 240.000 284.000
000000199072,38 420.875 285.535 73 134.642 88.518 82 557.000 81.000 118 289.581 281.162 190 607.586 15.280 242 415.513 167.595
000000199203,20 40.368 267.679 26 293.584 191.289 59 507.055 279.630 109 303.659 309.296 154 232.788 61.539
000000199835,30 393.042 232.918 56 355.500 101.500 81 548.500 264.500 186 407.564 110.736
000000201035,30 363.000 197.000 120 193.500 45.000 124 503.141 281.044 203 448.000 65.000
000000202465,19 448.181 176.174 101 530.110 15.420 167 86.714 227.417 204 598.000 313.000 224 402.300 139.926
000000205193,31 173.646 322.647 69 499.383 206.607 83 346.352 249.762 138 623.835 306.568 177 53.491 210.931 216 553.000 136.500
000000205384,33 213.500 203.000 54 570.952 193.948 54 508.500 108.000 162 229.691 24.661 209 84.766 157.066 235 447.977 54.729
000000206851,13 338.000 241.000 26 111.380 87.328
000000208196,34 332.364 174.086 36 83.164 226.071 66 565.927 23.619 101 268.038 291.507 106 579.598 318.354 196 56.000 113.000
000000208251,30 185.000 52.000 35 422.631 161.382 40 615.020 185.774 87 116.136 322.033 101 117.584 261.511 102 244.453 115.420 193 541.015 320.088
000000208984,40 127.398 282.466 57 72.921 278.831
000000209746,48 592.254 166.398 92 381.627 300.254 208 222.743 76.244 222 62.145 253.909 245 605.494 39.459
000000210448,61 387.177 216.991 115 208.613 300.258
000000210991,7 273.143 146.359 42 419.500 49.000 54 495.000 191.000 66 529.013 32.928 88 579.500 39.000 89 217.135 314.244 124 212.091 37.569 137 433.338 326.470 166 422.924 178.333 200 307.534 272.149 204 128.362 189.507
000000211675,8 128.000 267.000 221 430.650 164.720 242 571.014 313.944
000000212483,8 144.384 254.269 23 235.511 97.305 94 32.772 208.448 125 353.000 330.000 134 197.500 12.500 144 574.645 210.619 149 373.500 246.500 157 373.444 153.706 191 63.000 58.500 198 417.386 141.477
000000213945,37 323.044 211.613 117 79.230 190.545 152 543.500 53.500 172 47.271 35.664 186 275.076 119.670 196 523.870 306.318 241 272.000 275.000
000000214985,9 79.372 216.526 52 262.500 47.000 60 455.173 176.397 85 437.456 34.803 110 164.214 316.653 190 248.294 163.282 230 587.143 79.941
000000215555,40 563.500 129.000 95 138.341 261.317 199 439.258 291.413 213 410.762 20.879
000000215815,61 409.960 129.664 98 431.500 217.000 174 94.060 281.048
000000216428,67 127.327 115.420 94 561.579 91.833 111 275.000 260.000 114 478.970 265.020 132 82.099 137.466 173 552.000 223.000
000000219303,44 136.072 172.119 97 357.403 269.251 162 472.541 58.586 163 276.118 109.558 187 532.425 293.608 206 295.216 240.374 233 374.308 175.794
000000219565,60 243.230 255.776 126 372.837 298.067 151 105.655 188.919 214 363.059 112.430 245 538.126 137.101
000000220097,14 407.490 290.438 30 319.674 272.374 76 120.404 55.890 87 343.361 59.252 109 176.112 239.685 162 274.207 69.094 164 164.667 167.667 195 472.038 296.379 208 573.727 127.796 219 248.917 159.146
000000221533,11 138.809 178.315 52 557.953 116.078 107 246.359 286.615 249 47.000 223.000
000000224379,28 198.500 270.500 80 163.624 245.718 203 443.598 113.181 226 592.000 193.000
000000227103,2 135.927 47.601 47 373.074 192.993 63 270.655 277.270 148 456.000 267.500 155 189.078 311.481 219 345.500 159.500 233 435.135 191.925
000000228624,14 299.520 62.163 16 170.303 228.296 28 391.746 267.437 32 209.919 301.293 82 103.504 134.902 172 144.378 273.666 201 603.000 60.000
000000230224,22 159.000 201.000 31 472.208 306.710 74 582.371 132.578 87 166.526 240.571 98 183.000 94.000 195 26.340 183.630 214 198.000 222.000
000000232376,4 258.739 103.939 44 402.689 48.888 137 586.501 268.184 238 294.918 275.998 240 101.331 98.967
000000235000,79 544.765 57.026 97 353.810 36.580 163 609.500 40.000 165 211.667 249.579 184 369.139 346.189 236 318.000 170.500 239 583.066 297.668
000000238355,17 311.631 320.999 118 520.974 212.918 127 475.038 289.759 167 130.814 159.497 229 42.497 127.506
000000238843,5 530.232 338.475 39 602.601 238.171 52 309.000 116.000 88 123.933 104.221 156 382.650 223.604 210 83.776 284.124 215 85.500 190.000 220 394.192 79.796 246 533.344 109.193
000000239053,5 375.000 182.000 44 254.203 203.680 48 156.614 295.764 168 159.464 127.231 208 130.073 211.954 232 520.293 243.433
000000239120,91 547.959 248.558 231 329.532 61.819
000000239942,14 415.487 66.836 14 3.500 143.500 110 251.596 104.367 144 414.779 312.522 173 315.432 53.376 174 211.512 151.952 189 540.513 156.386
000000242897,61 588.723 138.458 104 48.237 86.411 142 303.490 130.466 192 464.642 138.447
000000245483,95 547.688 207.285 119 462.000 332.000 158 217.992 294.966 174 509.502 137.940 194 268.423 155.120
000000246105,76 135.262 271.260 84 467.500 133.500 89 552.732 212.946 217 328.694 157.091
000000247071,58 91.406 189.759 87 521.136 257.451 110 185.948 201.304 144 38.411 29.589 187 349.817 194.384
000000247124, 
000000247521,62 568.361 305.177 71 48.166 153.711 105 471.622 194.770 117 476.915 104.623 184 327.065 46.132 245 232.614 124.881
000000248468,74 306.579 263.959 103 552.024 46.383 118 618.620 265.369
000000250155,35 93.449 85.223 39 358.028 197.213 73 270.013 248.080 144 515.945 190.518 227 154.573 142.865
000000250238,165 217.762 259.791 216 159.406 151.597
000000252968,45 73.062 106.062 120 425.202 191.108 213 118.633 185.309
000000253485,65 386.634 90.155 85 270.714 262.516 147 484.983 167.526
000000254397,47 415.440 67.763 166 493.000 155.000 211 51.500 150.500
000000256766,197 409.865 172.235 221 357.144 98.739 237 196.183 315.634
000000257774,17 376.031 180.371 39 258.029 321.801 60 71.436 116.214 116 610.500 292.000 120 380.500 143.500 141 585.640 94.440
000000259288,30 73.715 243.947 31 323.000 255.667 134 599.713 209.063 169 500.413 91.718 215 158.045 236.242
000000259422,23 492.813 91.596 34 588.993 234.807 38 381.390 272.001 40 224.661 114.740 104 389.500 341.000 147 420.400 222.396 175 287.383 55.719 207 523.864 257.404 241 93.522 315.603
000000261271,132 115.000 300.000 219 521.860 280.180 220 452.595 232.564 240 596.948 143.076 242 212.143 347.566
000000262386,21 555.307 321.425 22 233.621 99.784 111 481.669 45.154 133 88.131 280.658 162 441.303 314.547 172 517.000 217.000 179 68.658 108.980 214 615.902 222.422 218 300.352 243.122
000000262896,32 185.956 171.058 38 395.924 236.627 127 274.656 151.468 135 200.427 315.221 158 542.371 125.260
000000264708,105 532.458 110.397 141 209.330 58.573 215 459.228 288.814 216 125.514 289.322
000000266866,22 341.774 51.572 75 256.443 19.488 178 524.513 294.822 215 162.000 200.500
000000268141,55 499.309 285.989 110 339.264 43.663 152 601.401 196.278 164 373.668 257.877 164 43.000 245.500 186 95.075 163.556 214 439.462 23.329
000000268254,32 437.189 325.444 78 409.000 208.667 82 100.005 154.935 105 299.056 58.087 171 232.000 281.000 221 457.000 71.500 243 45.281 112.515 243 311.000 172.500
000000269343,207 82.000 347.500 221 286.995 256.649
000000271435,9 539.000 144.000 107 352.363 214.160 132 265.292 218.159 148 527.316 301.217 230 73.502 228.153
000000275168,42 607.612 159.166 53 543.129 70.768 107 412.054 32.274 160 241.218 186.466 189 68.602 143.496 248 153.242 84.511
000000275175,68 591.500 285.500 71 353.401 260.546 149 33.784 265.419 173 135.132 82.732 181 31.727 41.950
000000275954,37 424.500 270.500 57 510.826 89.141 130 361.500 255.000 140 531.718 293.241 191 70.000 231.000
000000277208,15 419.499 118.477 122 244.639 258.757 178 553.181 225.468 218 164.025 52.643 246 146.000 282.000
000000277530,16 155.104 77.840 41 434.379 236.988 46 557.332 336.292 79 571.851 73.067 125 576.000 272.500 165 615.000 285.000 178 337.513 115.569
000000278222,101 306.693 81.283 107 23.000 314.000 154 263.187 338.448 225 158.076 117.294
000000278347,5 594.519 54.065 83 101.932 234.704 198 335.500 153.000 209 74.000 142.000 217 514.207 112.583
000000278653,99 573.500 83.500 105 541.531 135.404 135 145.466 76.633 221 247.438 315.259 225 296.000 126.000 248 71.136 142.482
000000279047,115 214.125 247.084 128 429.078 113.312 169 594.300 67.188 246 217.965 156.992
000000279324,3 392.604 285.277 20 247.939 299.405 39 593.674 238.315 40 136.652 271.972 242 295.723 209.472
000000280017,105 365.000 327.000 122 134.510 192.118 133 31.000 99.000 151 372.500 80.500 189 282.991 175.088 214 481.468 248.215
000000283432,35 565.235 87.183 41 59.000 175.000 44 155.500 309.000 110 211.751 32.294 171 494.326 250.654
000000283884,2 323.041 262.637 78 332.355 36.711
000000286591,39 351.573 94.006 70 277.000 224.000 147 173.602 227.742 169 569.885 295.268
000000286611,63 316.584 261.443 91 247.761 92.386 170 189.006 321.229 207 507.722 242.432 246 479.080 68.319
000000287099,34 461.500 105.000 127 342.764 156.529 177 81.511 300.206 180 258.918 235.411
000000290350,70 312.893 199.633 76 254.640 236.450 169 72.935 154.822 187 339.000 64.000 212 392.141 139.307 214 458.127 210.141 249 549.105 288.568
000000291067,88 90.172 126.226 93 437.599 31.237 128 426.494 301.740 160 521.717 271.729 192 428.608 174.257 224 65.592 198.215 246 305.392 99.135
000000291825,7 68.265 163.686 67 408.928 271.027 116 251.783 113.462 117 523.719 259.791 117 323.208 317.337 145 411.264 109.094 158 563.000 125.000
000000292498,29 520.816 338.315 33 141.500 39.500 97 341.500 147.000 137 171.291 96.326 165 435.921 130.177 190 260.960 204.953
000000292734,26 88.000 87.000 39 37.500 171.000 79 402.500 76.500 157 472.000 60.500 190 259.324 65.169 191 574.456 201.238
000000293274,79 206.881 143.646 145 307.922 249.988 190 618.574 309.737
000000293428,57 184.529 104.202 66 422.491 332.745 88 536.492 35.351 95 357.243 236.297 101 255.000 331.500 102 553.244 329.563 122 295.014 105.485 190 144.108 221.852 210 72.337 58.375 227 434.321 186.968
000000293900,2 188.500 253.500 40 288.915 121.527 67 572.025 280.735 79 246.500 300.000 138 102.146 117.827 183 52.516 196.372
000000298276,44 56.509 53.330 61 538.208 115.443 148 471.906 251.803 160 356.000 174.000 170 329.797 72.014
000000299000,1 299.664 173.302 15 35.560 239.669 139 455.500 247.000 163 537.500 203.000 187 588.000 293.000 211 237.399 96.925 222 525.836 163.856 231 425.526 130.180
000000300577,23 210.813 35.110 50 290.932 60.399 119 39.395 150.782 170 49.000 191.000 174 292.000 286.000
000000300712,21 324.686 68.276 38 193.000 327.000 40 484.000 294.000 81 422.500 201.000 82 599.500 194.500
000000303404,21 193.389 96.917 22 390.153 270.463 46 337.151 25.539 101 358.297 321.497 127 580.678 52.260 148 528.556 339.902 154 390.343 137.131 171 453.500 322.500 241 122.083 188.900
000000304558,145 123.000 72.000 243 535.643 284.608
000000304789,32 449.670 111.559 223 46.873 130.697 236 545.845 295.499
000000304794,54 587.126 37.572 163 181.734 266.402 220 613.559 194.521
000000305141,41 494.824 260.173 104 87.801 252.554 113 488.479 134.755 127 395.621 247.642 141 51.000 71.000 155 156.743 72.415 229 167.509 207.696 240 602.839 217.738
000000305462,2 185.631 69.453 9 565.000 269.000 167 168.463 230.691 185 305.000 256.000 186 436.733 13.446
000000307034,44 268.500 324.000 68 338.000 306.500 128 518.843 253.876 133 246.647 186.616 163 581.450 101.746 190 400.581 307.482
000000308160,10 541.365 315.565 34 57.529 36.253 63 508.293 221.328 151 417.564 228.018 191 537.460 181.342
000000310797,1 496.054 148.952 64 449.534 75.266 78 98.314 299.693
000000311174,110 555.333 115.215 116 209.500 29.500 122 543.967 285.039 135 346.000 219.000
000000313553,144 428.000 98.500 159 181.025 218.922 188 562.453 324.676 198 607.499 112.163 202 237.409 124.516 243 144.050 324.072
000000314187,57 113.697 227.285 129 206.000 290.000 139 584.516 257.412 151 441.311 91.739 153 475.000 147.000 159 146.227 111.494
000000315393,17 155.000 191.000 26 54.427 91.466 136 500.667 71.667 217 27.500 30.000 230 106.913 28.218
000000315610,20 303.618 160.290 34 73.820 123.918 42 621.248 127.492 57 415.500 27.500 135 135.000 59.000 151 318.000 303.000
000000317537,6 616.358 85.889 7 303.000 238.500 78 248.498 204.107 84 356.376 212.307 178 161.329 170.520 212 58.501 252.302
000000317795,2 87.573 297.334 50 304.000 231.000 61 238.736 127.201 136 468.315 103.538 155 581.000 315.000
000000319914,10 560.815 295.871 54 150.827 140.539 101 181.763 47.364 198 500.500 34.000 225 53.439 221.052
000000320680,218 575.595 262.855 234 518.687 335.236
000000322670,22 317.000 239.000 56 553.760 225.908 70 185.500 35.500 157 135.000 128.000 170 273.000 82.000
000000323457,119 159.781 219.456 120 466.638 241.633 173 29.554 165.809
000000326610,1 139.000 268.500 74 506.812 288.753 189 206.333 336.667 193 402.630 132.059 248 483.000 68.000
000000326919,106 168.000 335.500 115 400.000 69.500 116 533.063 315.812 137 238.000 260.500 144 123.547 120.413 176 493.849 167.527 207 303.589 228.419
000000328026,16 43.389 107.257 19 196.858 231.118 24 597.449 309.564 44 217.644 182.163 53 46.071 185.291 121 336.375 60.820 134 491.000 248.000 141 297.000 101.000 229 588.689 65.111
000000329254,92 26.546 42.586 93 242.161 33.359 115 55.605 179.438 146 292.668 259.317 180 420.482 107.826 209 156.167 128.409 243 557.809 104.332
000000330835,25 310.836 131.305 94 593.499 43.537 117 459.677 317.727 135 233.492 256.478 139 525.130 179.602 139 93.249 113.384 200 188.409 69.109
000000333517,169 320.679 121.921 183 557.125 227.981 189 193.434 70.538 197 180.538 281.980 198 408.483 129.226
000000336242,23 489.134 154.757 42 200.398 97.929 112 118.576 139.211 191 403.000 123.500 247 569.389 235.065 248 472.000 51.797
000000336324,83 187.297 102.759 94 465.542 293.798 146 242.794 220.416 170 544.500 346.000 220 308.367 126.201 232 363.522 143.521
000000340345,79 234.706 78.598 146 505.590 104.103 225 67.690 316.577
000000341198,61 443.903 187.985 98 92.981 246.791 121 35.689 94.049 158 394.684 183.863 168 248.499 271.662 223 470.317 157.669 238 89.065 136.023
000000344955,121 569.835 219.659 131 465.790 284.016 208 283.549 274.425
000000345598,1 488.050 135.036 53 108.556 224.672 175 472.725 232.158
000000348059,52 350.691 195.822 142 404.033 19.635 159 599.000 260.000 180 322.317 164.085 206 53.958 31.986 209 297.257 235.016 238 116.593 243.929 244 506.450 157.080 245 394.244 134.728
000000348794,0 341.763 220.996 55 114.044 302.673 80 515.000 349.000 119 475.896 255.569 136 378.650 102.626 161 329.615 149.499 219 219.686 77.412
000000348826,47 452.616 268.524 94 53.500 314.500 135 190.082 314.570 175 146.223 230.506
000000348887,49 396.483 218.355 120 413.053 46.744 120 276.000 233.000 188 574.350 233.156 203 446.724 297.638
000000349393,11 633.000 162.500 54 471.366 188.506 159 111.561 235.978 177 552.000 200.500 197 157.029 99.463 212 607.746 27.721 236 205.000 126.500
000000350663,21 509.978 284.066 40 379.563 87.152 90 116.432 307.545 102 296.591 30.888 183 344.720 180.387
000000350840,21 244.547 152.418 60 56.451 108.320 61 145.832 228.474 153 528.514 117.010 166 158.620 164.353 206 427.847 276.095 233 471.184 141.643
000000355261,28 298.627 25.664 31 143.000 294.500 119 233.734 189.592 131 138.000 162.000 237 513.171 117.238
000000355593,189 403.453 71.836 227 347.000 191.000 229 64.657 235.867 249 73.429 183.812
000000356746,27 414.000 314.000 86 181.500 26.000 96 245.454 186.529 122 171.796 218.648 233 242.491 115.461
000000359760,40 278.446 229.961 44 350.638 95.816
000000360898,88 81.803 214.371 99 125.153 343.090 129 380.391 279.546 159 175.557 237.512 162 546.219 266.444 201 33.720 85.202 231 145.500 107.000
000000362740,126 577.139 276.890 188 492.580 328.102 190 160.536 295.207 210 221.445 183.359
000000362971,36 509.372 342.156 81 268.355 153.910 117 478.000 275.000 180 183.211 104.389 194 594.964 255.029 229 112.249 301.159 245 357.551 110.447
000000363885,23 259.533 308.096 28 461.378 69.002 140 498.500 339.500 163 542.458 261.046 206 463.382 223.404
000000364743,19 34.071 274.439 41 336.931 323.016 83 543.611 94.148 135 148.077 300.984 151 445.000 327.500 166 441.566 235.511 176 288.435 75.939 213 143.692 152.543
000000365041,16 572.694 303.403 125 265.957 83.518 206 91.662 113.469 219 166.945 81.383 222 210.000 259.500 223 596.244 84.607
000000366560,76 236.359 45.113 130 362.000 313.000 199 181.348 220.536 222 614.838 157.818
000000367362,36 270.018 253.981 82 563.022 51.989 213 287.320 154.082 241 430.846 89.480
000000367742,30 510.753 253.471 140 226.000 135.000 146 32.500 149.000 156 182.185 170.340
000000369019,1 541.672 298.572 46 230.646 59.217 64 375.625 220.206 143 72.820 343.961 174 498.500 150.000
000000369341,19 409.293 301.641 22 279.587 208.656 31 621.544 283.546 97 528.999 262.494 148 432.500 224.000 189 564.221 88.512
000000372685,8 31.734 53.427 137 537.000 223.500 221 468.437 112.991
000000373846,36 544.667 79.000 83 225.320 89.458 95 78.467 244.144 141 439.000 60.000 161 576.500 46.000
000000374567,180 547.635 281.182 207 613.610 90.762 227 417.501 106.989
000000376972,57 268.520 161.727 68 125.530 59.534 138 178.480 212.461 146 80.036 297.638 180 137.500 305.500
000000377960,115 374.000 29.500 154 222.648 268.339 156 600.325 268.846 235 574.195 29.529 247 266.013 169.955
000000378467,21 83.388 155.205 24 131.557 108.524 166 527.132 115.471 167 266.424 138.901 185 267.242 256.266 234 156.000 203.500
000000379584,4 563.938 78.420 32 277.500 191.000 50 168.000 270.000 97 243.938 304.689 208 484.090 159.029 211 475.878 306.218 249 129.626 340.853
000000380868,26 422.000 98.000 32 567.388 167.524 64 340.418 299.549 122 135.000 80.000 129 72.853 327.259 149 218.000 122.000 237 150.892 136.666
000000383816,42 67.631 56.264 48 71.789 251.986 53 271.954 263.957 69 536.346 206.512 124 516.528 111.925 186 557.000 105.000 199 145.363 26.700 217 17.108 263.009
000000390646,8 336.948 157.163 60 369.746 47.375 249 270.079 261.670
000000390923,4 64.266 232.760 31 618.247 222.605 91 407.898 280.987 102 183.003 36.227 119 84.583 317.301 142 259.609 86.767 147 218.451 298.334 244 134.500 159.000
000000391343,12 552.654 56.326 190 513.000 332.000 230 419.281 225.305
000000392408,96 248.249 115.414 236 385.013 139.082
000000396743,141 206.131 91.387 218 189.740 170.459 219 249.615 58.976 226 128.898 207.331
000000400204,40 407.207 257.022 102 340.388 307.215 202 454.914 138.587 208 204.000 164.500
000000401783,38 289.495 144.493 90 191.864 192.206 132 474.578 287.895 167 543.186 116.324
000000401826,14 256.662 107.078 63 255.530 227.139 95 325.000 56.500 98 139.500 25.000 108 73.777 29.066 154 164.000 206.000
000000401967,49 318.582 135.360 61 126.723 277.936 67 514.674 225.453 71 460.500 197.000 72 198.364 200.058 73 401.016 214.833 219 524.910 182.411
000000402931,66 476.905 251.991 137 573.326 236.441 183 83.541 137.252
000000403190,7 69.756 224.807 59 101.679 149.503 105 86.752 296.243 112 525.628 56.971 134 251.720 90.601 138 438.190 113.349 161 367.017 283.585
000000403398,84 392.408 63.985 107 539.223 120.436 118 374.557 277.236
000000404917,19 107.788 141.176 179 208.999 238.618 203 492.615 88.773 244 582.989 293.703 249 376.896 242.749
000000405137,2 191.766 309.659 3 264.000 343.500 106 543.026 194.556 164 176.806 125.518 236 314.456 103.431
000000405827,19 385.116 23.833 75 298.053 310.878 99 347.000 111.000 178 416.481 323.309 186 466.204 109.514 218 106.333 334.831
000000405849,61 143.847 232.994 65 237.000 283.000 120 381.698 320.574 224 312.160 86.869
000000407131,104 407.780 259.593 199 215.500 227.000 238 560.007 250.426 238 569.133 33.883
000000409199,92 331.491 180.510 146 588.273 231.575 166 480.472 162.534 168 489.707 246.549 182 97.218 39.742 187 91.150 236.422 191 153.135 71.471
000000409241,11 371.065 258.364 116 202.420 266.867 128 568.598 267.381 130 479.462 127.542 143 88.203 37.599 194 393.430 53.482 194 83.394 156.263
000000409834,104 376.500 53.500 131 579.292 77.649 191 347.402 239.635
000000411455,98 98.900 315.479 114 539.177 304.711 124 128.931 260.022 151 185.594 281.647 173 439.493 24.978 184 534.229 209.568 198 213.708 98.433 245 224.500 330.500
000000411792,64 477.054 66.359 74 333.686 109.255 138 551.000 140.000 209 353.463 250.299
000000412174,13 224.000 193.000 107 174.324 186.003 137 263.501 265.950 159 288.500 349.000 216 609.490 245.920 240 46.575 129.332 240 360.000 333.000
000000416119,31 255.000 84.000 46 525.411 237.629 112 163.714 337.551 166 397.182 116.281 185 73.487 280.326 201 390.647 246.381
000000416596,3 49.500 110.500 23 201.274 196.595 90 567.518 119.781 185 157.845 130.124 189 464.525 70.558 232 198.000 98.000 244 200.500 69.000
000000418637,40 275.814 317.506 52 528.801 36.173 98 393.596 317.624 101 123.000 297.000 180 588.708 176.759 232 229.464 277.227
000000420596,25 265.163 166.973 39 294.137 275.572 164 581.190 275.481 190 313.136 157.490
000000421986,51 197.090 294.974 92 563.061 282.561 111 109.157 19.589 119 149.500 99.500 154 64.321 147.192 229 601.382 190.524 237 244.398 170.553
000000422585,14 388.527 292.562 43 62.347 19.816 45 299.746 153.414 152 600.357 49.298 211 570.262 244.001
000000423023,39 115.000 215.000 42 213.611 328.483 90 71.000 98.000 110 97.500 83.500 151 443.000 240.000 193 55.681 270.523 207 349.510 332.303
000000423480,33 531.519 285.995 34 268.080 90.681 86 354.500 139.500 87 351.650 275.112 117 158.664 342.730 192 162.388 189.245 217 206.229 239.657 224 493.760 94.368
000000423919,168 444.538 201.998 217 147.041 297.751
000000423951,76 352.719 95.063 119 465.338 235.202 129 552.000 225.500 215 427.339 50.062 225 52.890 26.633
000000424601,5 373.181 56.661 6 543.478 283.358 27 265.742 95.690 77 229.546 36.953 79 34.811 256.198 132 318.531 249.757 165 452.926 121.202 212 603.665 59.778 221 30.282 38.797 228 47.597 181.402
000000426520,8 371.136 305.642 19 583.685 170.756 205 352.686 200.690
000000426845,26 469.769 336.403 45 269.388 284.057 165 373.938 303.014 185 119.400 48.389 224 171.329 187.798 242 81.818 323.368
000000430261,4 169.000 331.000 84 237.336 299.865 125 450.667 77.490 162 23.345 247.335 231 170.364 189.927
000000430818,197 415.092 89.654 206 273.982 149.237 214 585.000 243.000
000000431503,23 330.271 258.888 28 477.097 238.428 90 381.803 90.514 221 41.495 165.025 226 358.044 179.789
000000431554,16 83.000 314.500 98 240.628 339.123 170 519.878 143.684 186 355.000 55.500 190 167.300 245.562 190 420.500 49.000 234 88.407 205.081
000000432527,69 169.656 123.474 88 465.500 303.000 108 255.082 59.224 109 185.500 226.000 240 409.364 116.499
000000435620,23 386.210 189.096 38 453.827 243.257 78 209.323 211.837 78 482.440 148.879 93 537.500 13.459 200 87.830 324.759
000000435718,40 226.271 52.084 186 590.543 55.662 193 131.639 155.570
000000436848,14 557.398 213.940 14 278.674 172.459 26 562.545 73.356 41 488.342 66.867 54 55.500 115.000
000000437169,6 450.685 43.996 58 538.500 322.500 74 550.500 287.500 107 195.500 336.000 116 557.280 219.664 135 262.000 106.000 205 479.500 264.500
000000437494,42 490.314 290.944 72 320.814 254.610 111 209.462 40.268 141 548.000 316.000 191 493.405 155.502
000000437816,141 242.271 26.652 186 148.934 134.712
000000439236,86 539.572 154.765 165 436.280 150.251 173 204.095 148.603 203 182.855 272.058 209 550.600 272.496
000000439271,53 159.292 84.643 97 565.000 333.000 224 330.500 64.500
000000440401, 
000000446661,48 24.001 128.681 56 551.617 55.471 244 303.645 196.861
000000449315,10 465.088 293.046 47 488.500 35.000 92 275.500 322.500 99 370.924 87.018 193 98.967 290.944 222 406.000 214.500 239 69.075 165.971
000000450845,95 474.000 318.000 157 411.143 280.617
000000451107,39 510.842 263.645 60 191.523 76.079 134 287.351 186.417 148 537.181 124.888 188 582.279 85.436 223 226.500 90.500 247 213.730 291.463
000000451202,14 69.825 224.291 50 159.670 329.491 103 545.949 54.710 111 314.303 312.644 178 562.389 218.526 182 227.000 161.000 190 156.500 154.500
000000452269,34 215.346 95.135 108 528.887 267.707 127 544.000 334.000 248 45.500 44.500
000000453706,2 283.154 321.543 30 292.529 59.618 64 374.568 345.776 131 438.268 184.311
000000454898,19 241.364 50.546 114 477.617 118.944 157 551.890 43.342 183 306.000 201.000
000000456286,34 503.350 288.941 118 377.813 167.365 193 103.136 140.567 196 140.382 267.498 209 194.000 316.000
000000458478,32 320.663 32.488 39 475.500 151.500 55 437.628 115.758 101 286.377 131.969 185 404.353 243.291
000000458879,37 589.185 39.700 212 457.049 121.184 223 494.528 316.435
000000460033,45 573.813 208.545 227 86.114 138.603 229 177.151 160.942
000000460621,27 134.000 137.000 72 228.990 138.423 86 561.919 280.284 113 515.950 214.587 249 226.595 269.288
000000462477,46 411.696 269.472 204 554.664 210.371 233 505.055 245.687
000000463176,56 410.183 65.556 60 568.412 224.289 139 532.961 166.977 148 319.446 328.744 171 232.123 181.437 224 259.031 275.057
000000463325,37 94.000 27.000 77 289.292 210.150 132 153.963 217.476
000000466885,1 260.000 105.000 57 144.211 209.990 105 175.548 273.660 118 610.000 298.500 238 477.769 184.558
000000467437,39 58.722 234.643 40 551.635 280.976 40 324.000 53.500 67 477.260 156.854 82 337.535 269.654 116 116.899 127.570 133 417.069 36.761 147 270.000 300.000 174 167.554 35.193 210 188.331 229.030 230 262.076 98.719
000000468319,1 244.680 95.463 1 596.035 235.399 45 381.000 199.000 89 214.673 221.756 92 444.262 262.837 99 240.844 178.176 112 490.620 332.560 120 362.606 53.704 170 444.516 85.527 240 88.000 212.500
000000468518,70 284.546 144.894 80 519.907 39.430 118 519.778 340.576 124 288.000 264.000 161 580.681 199.118
000000469816,0 481.549 25.051 7 429.009 282.438 73 535.997 316.907 84 197.820 287.501 179 132.222 88.539 239 260.470 40.183
000000470909,49 613.332 121.293 112 533.960 122.705 226 359.391 303.454 248 222.808 254.512
000000471935,244 80.876 275.390
000000472108,7 36.878 40.146 73 165.000 253.000 136 488.012 65.229 187 506.000 149.000 193 65.087 200.989
000000472157,164 504.393 40.819 189 514.576 268.438 242 543.504 24.902 242 405.500 214.500
000000473647,38 100.476 89.868 127 551.811 335.533 241 142.665 151.143
000000474233,2 64.426 61.491 3 158.298 208.523 18 598.920 92.402 137 481.185 285.561
000000474614,38 303.680 215.017 44 224.128 273.147 80 158.537 245.632 218 421.699 142.592 231 148.253 75.707
000000474693,14 70.478 63.636 17 579.201 130.426 20 49.317 19.343 26 491.317 134.174 36 436.000 52.500 51 193.000 202.000 72 120.818 227.502
000000475774,1 607.283 282.502 57 176.520 331.446 98 551.689 94.669 157 114.639 283.400 193 241.310 244.783 201 427.007 281.219 216 60.786 111.999
000000476795,6 587.596 323.446 18 198.117 323.719 102 532.668 39.635 169 100.500 331.697 177 477.229 85.225 195 225.500 267.000
000000477671,30 278.507 94.735 50 285.247 291.507 162 434.288 108.431 184 97.000 272.000 224 245.942 190.688
000000481064,98 133.282 96.830 150 478.770 81.105 187 414.500 256.000 200 256.389 121.397 202 289.151 276.023 214 74.000 197.000 235 293.000 316.000
000000481748,84 197.179 244.227 103 265.718 58.457
000000481954,109 230.642 217.137 144 323.456 168.474 155 571.000 310.500 157 353.642 329.503
000000482929,21 366.487 311.661 207 359.500 216.000 223 76.631 171.444
000000483752,96 321.335 62.259 103 574.918 170.431 181 89.685 97.801
000000483855,5 78.386 139.845 33 521.679 249.872 103 146.000 295.000 146 144.623 48.590 202 248.797 270.481
000000484019,3 348.931 63.493 76 173.793 334.307 85 127.694 57.001 130 242.849 139.100 148 155.538 249.313 164 174.000 196.500 196 125.846 152.118 222 540.979 171.196 243 274.327 250.550
000000485080,18 302.500 272.000 20 249.495 323.706 44 132.500 120.000 70 189.312 327.247 190 219.226 201.687 194 561.233 69.433 226 106.762 95.365
000000485452,23 214.624 42.594 76 89.333 199.000 106 186.418 275.563 193 480.728 71.885
000000487191,158 564.412 170.194 171 509.753 256.631 201 392.843 250.859 207 80.121 282.820 232 342.829 50.446
000000488424,114 222.464 149.614 131 219.500 107.000 168 68.000 305.500 220 556.100 247.571
000000488488,7 92.000 285.000 93 211.000 340.000 94 484.550 135.844 99 407.147 292.179 146 375.679 158.885 167 71.627 154.454
000000491638,8 242.000 124.000 58 324.966 68.380 172 565.204 336.438 184 135.532 156.309 242 387.500 162.000
000000493485,142 514.222 129.875 185 299.752 235.374 185 38.185 234.684
000000493779,14 335.307 154.442 55 170.283 157.649 102 464.481 143.645
000000494281,62 157.497 71.322 89 503.819 84.007 142 588.000 192.000 208 166.175 300.658
000000495117,52 145.183 104.478 114 585.000 149.969 162 526.735 211.119 165 160.070 244.894
000000495122,9 259.565 83.258 32 426.354 128.912 186 539.758 221.228 237 117.513 58.432
000000495825,44 504.500 119.000 69 303.458 123.716 173 565.465 169.920 233 436.448 225.472
000000497009,56 213.941 312.992 115 475.952 304.991 197 293.000 12.000 227 540.293 333.206 234 562.495 75.426 243 69.500 198.000
000000497483,67 563.874 199.843 92 205.020 245.905 95 454.842 191.128 237 425.420 281.367 241 416.239 127.345
000000499020,44 603.244 291.987 46 359.621 113.896
000000499418,57 131.826 106.108 104 391.867 123.806 158 129.093 198.381 187 459.577 237.726 244 560.121 91.338
000000506056,53 589.960 183.312 69 78.531 202.531 183 91.000 302.000 194 109.000 34.000
000000507833,127 108.718 162.885 168 287.245 46.428 184 221.330 298.018 228 449.609 224.521
000000508247,28 80.577 88.552 30 483.487 306.561 34 609.333 118.961 79 586.658 214.409 94 292.438 27.955 118 316.886 240.096 148 232.954 188.047 192 56.428 39.770
000000508822,3 43.000 163.500 140 125.816 46.999 145 429.004 48.580 174 606.080 65.945
000000511848,48 339.247 155.426 73 544.624 132.811 133 72.605 303.476 158 184.689 115.521
000000515531,27 196.137 27.753 103 432.000 287.000 156 281.444 267.279 227 537.009 150.053 228 69.844 219.160
000000517370,110 205.199 309.369 191 212.769 208.277
000000518359,3 331.407 223.399 31 502.908 110.255 101 402.620 104.934 134 72.000 132.000 167 289.632 74.372 167 526.537 301.540 172 101.000 87.000 203 78.792 172.578
000000518836,59 58.356 306.997 104 244.759 129.524 132 495.621 345.807 132 82.142 97.578 139 299.508 173.104
000000518849,150 58.882 85.693 157 519.843 137.775 161 485.500 310.500 226 168.053 26.575
000000518901,15 43.940 207.860 21 617.469 87.379 40 247.000 266.000 73 76.451 93.380 183 310.406 235.230 224 111.553 277.635 228 233.225 217.481 249 430.416 68.623
000000520114,3 149.007 124.087 16 528.016 234.491 142 490.240 125.363 163 126.244 271.117 164 349.663 226.234
000000520434,43 524.194 73.512 46 360.451 73.217 170 140.536 298.102
000000520515,10 457.852 89.286 16 295.500 104.500 21 27.000 205.500 103 195.253 183.249 116 592.495 305.256 127 409.364 20.147 145 410.330 174.233 225 178.259 118.807
000000522868,42 466.000 330.000 44 308.366 88.481 54 301.822 152.382 83 596.260 315.488 90 285.000 290.000 94 487.377 215.239 114 70.650 117.417 158 268.317 212.522 162 42.569 293.959 236 511.927 305.985 241 390.578 114.891 249 307.902 69.640
000000523561,0 483.618 242.494 5 62.153 309.740 25 603.732 336.568 77 184.127 164.662 132 550.431 208.566 153 307.241 269.475 173 378.484 8.520 227 261.779 65.399 248 570.601 77.698
000000523691,13 89.227 180.489 14 201.076 249.294 40 31.378 204.138 56 571.398 293.085 229 370.500 325.500
000000523792,104 36.711 284.620 123 510.212 126.416 129 266.333 334.667 147 588.000 225.500 222 547.642 298.321 243 585.342 109.387
000000524167,11 172.557 172.976 96 570.628 219.475 112 42.500 89.000 114 410.000 97.000 152 53.500 286.000
000000524723,78 208.926 220.965 137 77.017 165.404 181 303.371 31.413 214 592.819 85.410 217 134.461 291.626
000000525361,102 321.217 227.601 159 511.309 109.551 183 603.000 277.000 212 228.374 189.411
000000527791,100 543.000 338.000 217 469.086 221.464
000000530059,25 176.566 81.958 143 193.899 188.884 217 54.018 235.319 221 283.347 28.741
000000530619,4 587.569 163.810 48 487.306 64.625 92 506.658 164.058 105 449.598 233.742 162 571.000 233.000 235 342.686 321.465
000000532007,96 359.160 168.911 119 140.292 56.176 137 367.833 266.638 172 361.585 59.111 206 480.247 53.437 228 259.036 60.422
000000535100,47 349.602 250.232 71 583.000 106.500 140 419.682 72.009 149 307.213 56.521 215 194.489 252.554 249 435.703 272.529
000000535457,33 73.566 170.741 34 189.912 41.259 45 139.234 237.481 93 584.853 207.896 102 369.746 74.474 201 88.121 280.260 202 513.461 34.578 220 92.083 124.506 242 603.745 242.492
000000535524,8 534.992 291.326 195 565.814 30.156 201 427.896 148.147 203 49.245 46.147 245 400.304 75.331
000000536008,48 213.000 333.000 127 155.533 119.554 143 462.934 103.704 177 295.000 159.000 204 493.867 312.478 246 615.075 297.970
000000536708,9 442.583 77.788 109 260.469 327.598 177 65.700 34.299 187 123.786 312.470
000000538308,25 197.953 216.079 65 46.000 86.500 108 257.000 295.500 179 444.373 136.815 226 106.141 193.137
000000540959,71 174.662 290.913 121 399.004 43.333 136 412.633 203.509 164 455.500 174.500 165 42.000 40.000 177 84.394 256.827
000000543897,25 335.677 114.581 39 332.196 220.707 143 393.053 55.483 147 598.879 166.220 154 487.672 305.418 163 590.496 241.682 177 429.947 325.428 184 465.420 243.818 243 157.340 319.495
000000545526,31 138.791 293.181 83 517.500 147.000 86 568.638 299.725 224 358.000 151.000
000000549617,142 317.658 218.378 154 576.242 243.234 176 231.446 158.765 180 465.517 59.178 203 297.055 140.077
000000553998,77 92.500 116.000 122 359.371 297.303 127 543.927 105.383 154 376.659 90.468 155 183.360 146.733 192 466.088 147.545 210 192.629 29.433
000000554301,17 213.337 40.282 69 168.000 204.500 174 232.627 258.496 178 80.612 304.618 192 95.000 156.500
000000554617,137 188.500 75.000
000000555265,1 470.717 160.988 29 295.220 266.898 30 186.500 220.500 114 283.289 46.958 177 579.668 184.670 185 427.624 28.475 215 549.500 139.000
000000559159,4 399.443 81.333 27 371.955 133.743 30 64.555 206.540 58 430.235 140.382 179 97.079 270.014 199 558.108 203.123 224 205.750 211.623 230 77.991 46.752 244 190.501 73.619
000000560131,24 76.819 60.218 84 196.000 108.000 134 512.530 43.434 153 131.716 308.106 249 88.615 185.390
000000560431,30 165.778 200.207 60 113.283 303.144 167 506.627 133.588 236 116.893 119.200
000000561753,71 557.483 132.867 78 318.458 61.924 83 206.500 299.500 115 481.000 275.000 116 83.000 237.000 158 282.661 207.402
000000562721,43 491.773 125.743 62 398.728 250.248 66 47.237 247.423 79 327.820 320.998 138 487.363 218.142 175 413.810 311.624 205 76.409 69.470 213 379.500 41.500
000000564186,21 373.334 193.979 31 304.454 170.127 93 164.862 120.895 100 562.433 223.949 149 176.346 198.473 156 466.013 337.963 171 68.271 14.236 195 156.956 322.842
000000564545,32 243.729 74.467 88 110.640 59.099 201 206.498 118.262 227 37.963 229.512
000000564796,70 362.940 152.266 119 216.500 321.000 148 366.547 273.327 200 17.000 52.500
000000565081,8 135.951 42.705 26 363.665 91.267 49 521.000 102.000 91 559.000 171.000 146 399.845 93.308 179 195.712 264.489 223 352.574 290.761 227 510.090 152.003
000000565203,1 200.361 202.021 15 392.500 57.000 31 428.850 293.685 180 173.454 72.812
000000565460,25 539.936 257.594 75 337.194 186.540 124 238.000 93.000 134 102.788 98.524 150 565.878 47.544 179 470.722 270.018
000000566729,12 465.382 246.613 61 588.438 245.900 66 586.824 183.820 135 513.315 47.676 184 308.489 65.259 186 92.200 138.176
000000566941,17 237.637 279.683 79 336.398 160.675 88 62.343 134.942 110 118.000 281.000 169 87.418 207.060 209 368.500 296.500
000000568098,65 64.177 255.095 98 96.929 152.994 164 260.546 294.242 173 41.000 22.000
000000568725,9 492.353 131.243 15 601.000 69.000 127 145.948 307.924 183 123.476 38.907 204 307.351 145.598
000000569088,126 141.500 159.500 167 299.033 245.481 169 492.019 66.957 237 340.705 89.715 249 603.302 159.414
000000570810,52 63.000 73.000 79 194.325 223.328 178 246.000 116.000 227 140.400 42.892 248 205.200 332.414
000000572089,19 105.798 222.282 19 71.000 183.000 83 58.000 256.000 124 196.509 267.785 133 216.420 187.234 191 412.906 224.543
000000573632,20 354.232 248.360 36 151.220 187.844 48 487.590 198.306 71 169.836 118.610 110 243.000 290.000
000000574094,4 162.894 294.822 14 329.219 53.622 90 190.355 154.569 130 415.394 240.467 154 225.275 230.291 179 491.470 273.059
000000575032,20 544.927 298.412 86 565.244 77.211 144 355.651 117.683 159 240.670 211.804 214 316.646 235.117 220 458.801 247.512
000000576222,13 394.649 153.472 100 133.122 273.328 111 552.000 99.000 168 530.000 231.000 221 92.704 69.540
000000577650,106 266.993 216.076 137 326.055 77.385 147 532.411 115.458 195 595.382 43.365 198 80.789 323.741
000000578707,180 545.387 121.344
000000581904,8 344.720 224.125 58 246.777 146.635 126 558.134 211.168 133 92.563 62.599 134 508.448 194.900 161 599.932 70.280 214 544.414 176.587 231 383.367 89.044
